difficulty,total_correct,total_trials,mean_duration,accuracy
1,274,360,4411.0973888918315,0.7611111111111111
2,228,280,3243.0601785747426,0.8142857142857143
3,72,160,4138.393250003113,0.45
