difficulty,total_correct,total_trials,mean_duration,accuracy
1,256,342,4595.068304096507,0.7485380116959064
2,214,266,3354.779699251449,0.8045112781954887
3,65,152,4248.079736845168,0.4276315789473684
